file,mode,size,test,psnr_watermarked,ssmi_watermarked,time_watermark,psnr_edited,time_authenticate,psnr_recovered,ssmi_recovered,time_recovered
./images/standard//woman_blonde.tif,grayscale,"(512, 512)",75_LZ,44.4536233482379,0.9856731848853347,2.4320387840270996,6.613610031159608,0.45546412467956543,27.692540195285602,0.822362131347694,0.003966093063354492
./images/standard//woman_blonde.tif,grayscale,"(512, 512)",75_BZ,44.4536233482379,0.9856731848853347,2.4320387840270996,6.1758555056025655,0.40805602073669434,27.427570290782604,0.8210697781148649,0.0025937557220458984
./images/standard//woman_blonde.tif,grayscale,"(512, 512)",75_RZ,44.4536233482379,0.9856731848853347,2.4320387840270996,5.914551920170674,0.41533565521240234,28.840186305160852,0.8241103600700223,0.002755403518676758
./images/standard//woman_blonde.tif,grayscale,"(512, 512)",75_TZ,44.4536233482379,0.9856731848853347,2.4320387840270996,6.463484835091236,0.41147541999816895,28.685528847710234,0.8116781112938883,0.0026063919067382812
./images/standard//woman_blonde.tif,grayscale,"(512, 512)",75_CZ,44.4536233482379,0.9856731848853347,2.4320387840270996,6.301819522315215,0.4216289520263672,28.568294256750416,0.8204380056006225,0.0032782554626464844
./images/standard//woman_blonde.tif,grayscale,"(512, 512)",75_OZ,44.4536233482379,0.9856731848853347,2.4320387840270996,6.485881441159148,0.4011819362640381,27.516634591870584,0.8081652610688158,0.0027313232421875
./images/standard//woman_blonde.tif,grayscale,"(512, 512)",50_TZ,44.4536233482379,0.9856731848853347,2.4320387840270996,8.317649655919388,0.4144251346588135,30.32423686577789,0.8590058277887447,0.002387523651123047
./images/standard//woman_blonde.tif,grayscale,"(512, 512)",50_LZ,44.4536233482379,0.9856731848853347,2.4320387840270996,8.802219596024148,0.40530943870544434,28.472494829117228,0.8641184467181949,0.002460479736328125
./images/standard//woman_blonde.tif,grayscale,"(512, 512)",50_VCZ,44.4536233482379,0.9856731848853347,2.4320387840270996,7.798088851341632,0.4139289855957031,30.778282766808903,0.8861715259926966,0.002329111099243164
./images/standard//woman_blonde.tif,grayscale,"(512, 512)",50_HCZ,44.4536233482379,0.9856731848853347,2.4320387840270996,7.993045034763917,0.412717342376709,30.04230525698187,0.8724469239837346,0.002420186996459961
./images/standard//woman_blonde.tif,grayscale,"(512, 512)",50_LRZ,44.4536233482379,0.9856731848853347,2.4320387840270996,8.469667424653698,0.4085729122161865,28.628672140808746,0.8602734860218727,0.0025315284729003906
./images/standard//woman_blonde.tif,grayscale,"(512, 512)",50_ULDRZ,44.4536233482379,0.9856731848853347,2.4320387840270996,8.241964804705457,0.41339969635009766,30.5280241422603,0.8768902931306615,0.003356456756591797
./images/standard//woman_blonde.tif,grayscale,"(512, 512)",25_CZ,44.4536233482379,0.9856731848853347,2.4320387840270996,10.774072825833965,0.4868743419647217,33.60772126090356,0.9381807851713913,0.002409696578979492
./images/standard//woman_blonde.tif,grayscale,"(512, 512)",25_UL,44.4536233482379,0.9856731848853347,2.4320387840270996,12.192138130845612,0.40404486656188965,32.74191442695417,0.9197498647381468,0.002228975296020508
./images/standard//woman_blonde.tif,grayscale,"(512, 512)",25_CRZ,44.4536233482379,0.9856731848853347,2.4320387840270996,10.150575159113387,0.41329240798950195,33.400565675709636,0.9323389526705069,0.002229928970336914
./images/standard//woman_blonde.tif,grayscale,"(512, 512)",25_CLZ,44.4536233482379,0.9856731848853347,2.4320387840270996,12.063010840994636,0.4015927314758301,32.447349752503236,0.9258624490249876,0.002208709716796875
./images/standard//woman_blonde.tif,grayscale,"(512, 512)",25_CUZ,44.4536233482379,0.9856731848853347,2.4320387840270996,10.968002823088302,0.4180309772491455,33.00090205233749,0.9243147198541589,0.0022547245025634766
./images/standard//woman_blonde.tif,grayscale,"(512, 512)",25_DZ1,44.4536233482379,0.9856731848853347,2.4320387840270996,10.826788605725543,0.5290031433105469,33.0110270555258,0.9293103925602518,0.0022706985473632812
./images/standard//woman_blonde.tif,grayscale,"(512, 512)",25_DZ2,44.4536233482379,0.9856731848853347,2.4320387840270996,11.917828543616347,0.4806818962097168,33.236128750826595,0.9281545931163527,0.002277851104736328
./images/standard//mandril_color.tif,grayscale,"(512, 512)",75_LZ,44.38363668106362,0.9950658601510146,1.7850041389465332,6.951893838681491,0.4116382598876953,22.56940196608884,0.6326371697256347,0.002705812454223633
./images/standard//mandril_color.tif,grayscale,"(512, 512)",75_BZ,44.38363668106362,0.9950658601510146,1.7850041389465332,6.878995918083042,0.4068765640258789,23.626400278237043,0.635831612057322,0.0030670166015625
./images/standard//mandril_color.tif,grayscale,"(512, 512)",75_RZ,44.38363668106362,0.9950658601510146,1.7850041389465332,7.053739443107551,0.41784238815307617,22.897973432160125,0.6281271185002508,0.002599954605102539
./images/standard//mandril_color.tif,grayscale,"(512, 512)",75_TZ,44.38363668106362,0.9950658601510146,1.7850041389465332,7.33889740473348,0.40607380867004395,21.93351051765735,0.6051263218883521,0.0030050277709960938
./images/standard//mandril_color.tif,grayscale,"(512, 512)",75_CZ,44.38363668106362,0.9950658601510146,1.7850041389465332,7.305790980406051,0.7386186122894287,22.86652715307862,0.6272563299115999,0.003722667694091797
./images/standard//mandril_color.tif,grayscale,"(512, 512)",75_OZ,44.38363668106362,0.9950658601510146,1.7850041389465332,7.561474126295491,0.40534162521362305,21.453013525075974,0.5645581604823784,0.0040531158447265625
./images/standard//mandril_color.tif,grayscale,"(512, 512)",50_TZ,44.38363668106362,0.9950658601510146,1.7850041389465332,9.025418447263455,0.6622695922851562,22.887363549497266,0.7183656791327857,0.0023849010467529297
./images/standard//mandril_color.tif,grayscale,"(512, 512)",50_LZ,44.38363668106362,0.9950658601510146,1.7850041389465332,8.869774557764178,0.4095597267150879,23.903989011624333,0.7396560319649188,0.0038156509399414062
./images/standard//mandril_color.tif,grayscale,"(512, 512)",50_VCZ,44.38363668106362,0.9950658601510146,1.7850041389465332,8.496042286712362,0.4254777431488037,25.409514691653783,0.7800172731443649,0.002438783645629883
./images/standard//mandril_color.tif,grayscale,"(512, 512)",50_HCZ,44.38363668106362,0.9950658601510146,1.7850041389465332,8.785274206473346,0.4176349639892578,25.289919117090214,0.7602109188641537,0.0035390853881835938
./images/standard//mandril_color.tif,grayscale,"(512, 512)",50_LRZ,44.38363668106362,0.9950658601510146,1.7850041389465332,9.351957467401045,0.5096533298492432,23.057386437002858,0.6984274263494388,0.0029916763305664062
./images/standard//mandril_color.tif,grayscale,"(512, 512)",50_ULDRZ,44.38363668106362,0.9950658601510146,1.7850041389465332,9.283067579313185,0.4166402816772461,23.887792816605607,0.7362091617202591,0.0033969879150390625
./images/standard//mandril_color.tif,grayscale,"(512, 512)",25_CZ,44.38363668106362,0.9950658601510146,1.7850041389465332,10.854107615982153,0.4091522693634033,31.7555427704849,0.9129561865681339,0.0032091140747070312
./images/standard//mandril_color.tif,grayscale,"(512, 512)",25_UL,44.38363668106362,0.9950658601510146,1.7850041389465332,12.388519055547313,0.42098474502563477,25.597778004258053,0.856327396181405,0.0034017562866210938
./images/standard//mandril_color.tif,grayscale,"(512, 512)",25_CRZ,44.38363668106362,0.9950658601510146,1.7850041389465332,11.773752886720246,0.4955484867095947,28.73319106773424,0.8755082544527373,0.0023026466369628906
./images/standard//mandril_color.tif,grayscale,"(512, 512)",25_CLZ,44.38363668106362,0.9950658601510146,1.7850041389465332,11.815100990185496,0.4271514415740967,27.809911021792978,0.8800940006700857,0.002245187759399414
./images/standard//mandril_color.tif,grayscale,"(512, 512)",25_CUZ,44.38363668106362,0.9950658601510146,1.7850041389465332,11.735360607281356,0.4058401584625244,28.279325968058306,0.8917226259316315,0.0033388137817382812
./images/standard//mandril_color.tif,grayscale,"(512, 512)",25_DZ1,44.38363668106362,0.9950658601510146,1.7850041389465332,11.864504597482455,0.42084789276123047,26.099052491417332,0.8446655159267344,0.003513813018798828
./images/standard//mandril_color.tif,grayscale,"(512, 512)",25_DZ2,44.38363668106362,0.9950658601510146,1.7850041389465332,12.613237365174353,0.600283145904541,25.194020262827706,0.8401119075538124,0.002262115478515625
./images/standard//cat.jpg,grayscale,"(320, 512)",75_LZ,43.917884076192934,0.9699753194054258,1.0831122398376465,3.1430340797699277,0.2563157081604004,37.10947300142613,0.9338357505026885,0.0030112266540527344
./images/standard//cat.jpg,grayscale,"(320, 512)",75_BZ,43.917884076192934,0.9699753194054258,1.0831122398376465,3.2156536156056332,0.2759096622467041,37.74477224024606,0.9310639841534533,0.002579927444458008
./images/standard//cat.jpg,grayscale,"(320, 512)",75_RZ,43.917884076192934,0.9699753194054258,1.0831122398376465,3.351636564331315,0.2603170871734619,37.43568671236353,0.9318687080862399,0.003097057342529297
./images/standard//cat.jpg,grayscale,"(320, 512)",75_TZ,43.917884076192934,0.9699753194054258,1.0831122398376465,3.1537898000753675,0.26799559593200684,37.246697656595146,0.9375677383835277,0.002905607223510742
./images/standard//cat.jpg,grayscale,"(320, 512)",75_CZ,43.917884076192934,0.9699753194054258,1.0831122398376465,3.353177113724031,0.3093738555908203,37.347050192604065,0.9354516752572178,0.0026369094848632812
./images/standard//cat.jpg,grayscale,"(320, 512)",75_OZ,43.917884076192934,0.9699753194054258,1.0831122398376465,3.1653159621104248,0.2613544464111328,38.47123214995119,0.9395502824252927,0.0027740001678466797
./images/standard//cat.jpg,grayscale,"(320, 512)",50_TZ,43.917884076192934,0.9699753194054258,1.0831122398376465,5.028243217651828,0.2587904930114746,37.73096286741132,0.9487998611051363,0.0032052993774414062
./images/standard//cat.jpg,grayscale,"(320, 512)",50_LZ,43.917884076192934,0.9699753194054258,1.0831122398376465,4.577553843772393,0.41504764556884766,38.80303355306406,0.9465265739273974,0.002377033233642578
./images/standard//cat.jpg,grayscale,"(320, 512)",50_VCZ,43.917884076192934,0.9699753194054258,1.0831122398376465,5.102698844343786,0.2672748565673828,37.99422188393116,0.9429314916640044,0.0022428035736083984
./images/standard//cat.jpg,grayscale,"(320, 512)",50_HCZ,43.917884076192934,0.9699753194054258,1.0831122398376465,4.916868173067295,0.26037049293518066,38.53095346602655,0.9458587556120592,0.002414703369140625
./images/standard//cat.jpg,grayscale,"(320, 512)",50_LRZ,43.917884076192934,0.9699753194054258,1.0831122398376465,4.821157890480797,0.2845931053161621,40.07869810346244,0.9499671967233542,0.002405881881713867
./images/standard//cat.jpg,grayscale,"(320, 512)",50_ULDRZ,43.917884076192934,0.9699753194054258,1.0831122398376465,5.015624315681722,0.25755786895751953,39.12388265133448,0.9525087043465595,0.002435922622680664
./images/standard//cat.jpg,grayscale,"(320, 512)",25_CZ,43.917884076192934,0.9699753194054258,1.0831122398376465,8.071774817419442,0.254164457321167,39.40241130207993,0.9533383671326826,0.0026674270629882812
./images/standard//cat.jpg,grayscale,"(320, 512)",25_UL,43.917884076192934,0.9699753194054258,1.0831122398376465,7.7020965388853035,0.31442689895629883,39.86452423743269,0.9625317493895545,0.002257108688354492
./images/standard//cat.jpg,grayscale,"(320, 512)",25_CRZ,43.917884076192934,0.9699753194054258,1.0831122398376465,8.276447932823888,0.2545280456542969,40.93408053668003,0.9573960097901798,0.0023050308227539062
./images/standard//cat.jpg,grayscale,"(320, 512)",25_CLZ,43.917884076192934,0.9699753194054258,1.0831122398376465,7.602885328288829,0.2571854591369629,39.9925855308627,0.9584411908064716,0.0022797584533691406
./images/standard//cat.jpg,grayscale,"(320, 512)",25_CUZ,43.917884076192934,0.9699753194054258,1.0831122398376465,8.294220953083821,0.2535393238067627,38.67205281386659,0.9543750860836717,0.0022881031036376953
./images/standard//cat.jpg,grayscale,"(320, 512)",25_DZ1,43.917884076192934,0.9699753194054258,1.0831122398376465,8.023172034507768,0.25497937202453613,41.60404803075184,0.9623585127758023,0.0022988319396972656
./images/standard//cat.jpg,grayscale,"(320, 512)",25_DZ2,43.917884076192934,0.9699753194054258,1.0831122398376465,7.729153436661452,0.26845335960388184,42.31148027283712,0.9637056494075683,0.0022716522216796875
./images/standard//jetplane.tif,grayscale,"(512, 512)",75_LZ,44.03925410988603,0.9785109091836347,1.8711106777191162,4.271845972466196,0.4155697822570801,28.181679388230478,0.8724589614206067,0.002828836441040039
./images/standard//jetplane.tif,grayscale,"(512, 512)",75_BZ,44.03925410988603,0.9785109091836347,1.8711106777191162,4.228089792306057,0.4044530391693115,27.698621423556354,0.8672877431282496,0.002521991729736328
./images/standard//jetplane.tif,grayscale,"(512, 512)",75_RZ,44.03925410988603,0.9785109091836347,1.8711106777191162,4.042283084551865,0.4116344451904297,29.07957829026745,0.8822254556434938,0.0026276111602783203
./images/standard//jetplane.tif,grayscale,"(512, 512)",75_TZ,44.03925410988603,0.9785109091836347,1.8711106777191162,4.1118064758098445,0.4143707752227783,28.349251115481884,0.8847726044629797,0.002613067626953125
./images/standard//jetplane.tif,grayscale,"(512, 512)",75_CZ,44.03925410988603,0.9785109091836347,1.8711106777191162,4.352725834244518,0.41216278076171875,27.90388746691533,0.8694719331681598,0.0026102066040039062
./images/standard//jetplane.tif,grayscale,"(512, 512)",75_OZ,44.03925410988603,0.9785109091836347,1.8711106777191162,3.9086454199643144,0.4074592590332031,30.050501993313613,0.8971169382480753,0.0026617050170898438
./images/standard//jetplane.tif,grayscale,"(512, 512)",50_TZ,44.03925410988603,0.9785109091836347,1.8711106777191162,5.615686395441955,0.404085636138916,31.199783978318575,0.9302903280984435,0.0028378963470458984
./images/standard//jetplane.tif,grayscale,"(512, 512)",50_LZ,44.03925410988603,0.9785109091836347,1.8711106777191162,6.031432212893796,0.40846729278564453,30.04770491778073,0.9120928557961302,0.0024368762969970703
./images/standard//jetplane.tif,grayscale,"(512, 512)",50_VCZ,44.03925410988603,0.9785109091836347,1.8711106777191162,6.056191136896243,0.4097099304199219,29.967993271396264,0.9027634635433799,0.002513408660888672
./images/standard//jetplane.tif,grayscale,"(512, 512)",50_HCZ,44.03925410988603,0.9785109091836347,1.8711106777191162,6.099746407125826,0.4146859645843506,28.499863091025173,0.9001393940705089,0.0032966136932373047
./images/standard//jetplane.tif,grayscale,"(512, 512)",50_LRZ,44.03925410988603,0.9785109091836347,1.8711106777191162,5.649174384932315,0.4130728244781494,31.075279526798248,0.9277121007736707,0.0025529861450195312
./images/standard//jetplane.tif,grayscale,"(512, 512)",50_ULDRZ,44.03925410988603,0.9785109091836347,1.8711106777191162,5.892465128945213,0.4116637706756592,30.270003622128613,0.910085393610935,0.0024018287658691406
./images/standard//jetplane.tif,grayscale,"(512, 512)",25_CZ,44.03925410988603,0.9785109091836347,1.8711106777191162,9.441961757810045,0.4058375358581543,30.971123510259652,0.9334294660184013,0.0023949146270751953
./images/standard//jetplane.tif,grayscale,"(512, 512)",25_UL,44.03925410988603,0.9785109091836347,1.8711106777191162,8.843046703127836,0.4115617275238037,33.2848817130589,0.9501847592634478,0.0022530555725097656
./images/standard//jetplane.tif,grayscale,"(512, 512)",25_CRZ,44.03925410988603,0.9785109091836347,1.8711106777191162,8.522055065139618,0.4164910316467285,32.71443145742837,0.9500751905565812,0.0046427249908447266
./images/standard//jetplane.tif,grayscale,"(512, 512)",25_CLZ,44.03925410988603,0.9785109091836347,1.8711106777191162,9.788667761213521,0.4080066680908203,30.37732220347955,0.9286538123939051,0.002238750457763672
./images/standard//jetplane.tif,grayscale,"(512, 512)",25_CUZ,44.03925410988603,0.9785109091836347,1.8711106777191162,8.512402375950824,0.40864014625549316,34.120402233754774,0.9546575570048508,0.002338409423828125
./images/standard//jetplane.tif,grayscale,"(512, 512)",25_DZ1,44.03925410988603,0.9785109091836347,1.8711106777191162,9.01831073413208,0.4159202575683594,32.450554025718,0.9388725693558072,0.0022852420806884766
./images/standard//jetplane.tif,grayscale,"(512, 512)",25_DZ2,44.03925410988603,0.9785109091836347,1.8711106777191162,8.599799314647234,0.40544557571411133,34.716825796445235,0.9549914533880792,0.003026247024536133
./images/standard//woman_darkhair.tif,grayscale,"(512, 512)",75_LZ,44.075374246961715,0.9755593931923001,1.8975427150726318,8.409365600206694,0.4301133155822754,36.47069026423735,0.9309741145097591,0.004170894622802734
./images/standard//woman_darkhair.tif,grayscale,"(512, 512)",75_BZ,44.075374246961715,0.9755593931923001,1.8975427150726318,7.403287937392424,0.41983628273010254,36.96803769380368,0.9393512001599698,0.0026051998138427734
./images/standard//woman_darkhair.tif,grayscale,"(512, 512)",75_RZ,44.075374246961715,0.9755593931923001,1.8975427150726318,7.08184597526402,0.40761566162109375,37.40696746890586,0.9408062622504827,0.0033850669860839844
./images/standard//woman_darkhair.tif,grayscale,"(512, 512)",75_TZ,44.075374246961715,0.9755593931923001,1.8975427150726318,7.598106350680109,0.4153409004211426,38.169767898161936,0.9463345630116735,0.003468036651611328
./images/standard//woman_darkhair.tif,grayscale,"(512, 512)",75_CZ,44.075374246961715,0.9755593931923001,1.8975427150726318,7.772759560557531,0.41713643074035645,36.99216792461055,0.9359373974264724,0.0038857460021972656
./images/standard//woman_darkhair.tif,grayscale,"(512, 512)",75_OZ,44.075374246961715,0.9755593931923001,1.8975427150726318,7.2618892168483455,0.4061110019683838,36.92526235232697,0.9432046581340565,0.002905607223510742
./images/standard//woman_darkhair.tif,grayscale,"(512, 512)",50_TZ,44.075374246961715,0.9755593931923001,1.8975427150726318,9.772314220663922,0.48905205726623535,39.86551513079747,0.9564797360266334,0.002608060836791992
./images/standard//woman_darkhair.tif,grayscale,"(512, 512)",50_LZ,44.075374246961715,0.9755593931923001,1.8975427150726318,9.629462668967166,0.41957759857177734,37.29128842849606,0.9418383856125246,0.0028510093688964844
./images/standard//woman_darkhair.tif,grayscale,"(512, 512)",50_VCZ,44.075374246961715,0.9755593931923001,1.8975427150726318,9.883085795927034,0.44487833976745605,37.81013875598091,0.9420765546925146,0.0025284290313720703
./images/standard//woman_darkhair.tif,grayscale,"(512, 512)",50_HCZ,44.075374246961715,0.9755593931923001,1.8975427150726318,9.26710545295045,0.5532145500183105,39.510972270636394,0.955981941103917,0.0023751258850097656
./images/standard//woman_darkhair.tif,grayscale,"(512, 512)",50_LRZ,44.075374246961715,0.9755593931923001,1.8975427150726318,8.709041949828757,0.4122047424316406,39.3913670961569,0.9632567617376375,0.0025887489318847656
./images/standard//woman_darkhair.tif,grayscale,"(512, 512)",50_ULDRZ,44.075374246961715,0.9755593931923001,1.8975427150726318,10.436667762271064,0.48366212844848633,39.47451106841299,0.9565825519843756,0.0024480819702148438
./images/standard//woman_darkhair.tif,grayscale,"(512, 512)",25_CZ,44.075374246961715,0.9755593931923001,1.8975427150726318,13.054440005394978,0.40468692779541016,41.10114934026786,0.9621208088863259,0.0029027462005615234
./images/standard//woman_darkhair.tif,grayscale,"(512, 512)",25_UL,44.075374246961715,0.9755593931923001,1.8975427150726318,14.722535070272134,0.46230506896972656,40.93975367498863,0.9625737286046849,0.0022895336151123047
./images/standard//woman_darkhair.tif,grayscale,"(512, 512)",25_CRZ,44.075374246961715,0.9755593931923001,1.8975427150726318,11.870689087327179,0.4101128578186035,42.6324195112747,0.9718054829165399,0.002231121063232422
./images/standard//woman_darkhair.tif,grayscale,"(512, 512)",25_CLZ,44.075374246961715,0.9755593931923001,1.8975427150726318,12.723001629030842,0.45718908309936523,40.15509297836773,0.9597768787125673,0.0034470558166503906
./images/standard//woman_darkhair.tif,grayscale,"(512, 512)",25_CUZ,44.075374246961715,0.9755593931923001,1.8975427150726318,13.781785775976143,0.4202237129211426,40.40756829537867,0.9604099293290401,0.0024712085723876953
./images/standard//woman_darkhair.tif,grayscale,"(512, 512)",25_DZ1,44.075374246961715,0.9755593931923001,1.8975427150726318,12.123915973755409,0.5042383670806885,40.05752722947819,0.9612645635913973,0.0025691986083984375
./images/standard//woman_darkhair.tif,grayscale,"(512, 512)",25_DZ2,44.075374246961715,0.9755593931923001,1.8975427150726318,12.342430942901998,0.4156057834625244,41.81395244935918,0.9723693817163792,0.0023899078369140625
./images/standard//lake.tif,grayscale,"(512, 512)",75_LZ,44.16565463503129,0.986337891371682,1.8758924007415771,6.043938718897487,0.41623759269714355,27.394459022680433,0.8301798090535673,0.0026412010192871094
./images/standard//lake.tif,grayscale,"(512, 512)",75_BZ,44.16565463503129,0.986337891371682,1.8758924007415771,6.607552429914003,0.40466737747192383,27.15855820942846,0.8142245049032624,0.002643585205078125
./images/standard//lake.tif,grayscale,"(512, 512)",75_RZ,44.16565463503129,0.986337891371682,1.8758924007415771,5.6992217492711195,0.4116780757904053,27.473720207849766,0.8371212120975072,0.002636432647705078
./images/standard//lake.tif,grayscale,"(512, 512)",75_TZ,44.16565463503129,0.986337891371682,1.8758924007415771,6.589648945232227,0.4537053108215332,26.773578388790646,0.8190752546705596,0.003045320510864258
./images/standard//lake.tif,grayscale,"(512, 512)",75_CZ,44.16565463503129,0.986337891371682,1.8758924007415771,6.158000095408214,0.4591503143310547,27.3854001618807,0.8308546034462128,0.0026483535766601562
./images/standard//lake.tif,grayscale,"(512, 512)",75_OZ,44.16565463503129,0.986337891371682,1.8758924007415771,6.902520475470089,0.5959200859069824,26.808965172796547,0.8097681908303953,0.0026988983154296875
./images/standard//lake.tif,grayscale,"(512, 512)",50_TZ,44.16565463503129,0.986337891371682,1.8758924007415771,7.428038172596136,0.7436432838439941,28.19830982629627,0.8892835773545748,0.003090381622314453
./images/standard//lake.tif,grayscale,"(512, 512)",50_LZ,44.16565463503129,0.986337891371682,1.8758924007415771,8.709187602345095,0.48371028900146484,28.41004322853982,0.8688836741164923,0.0036852359771728516
./images/standard//lake.tif,grayscale,"(512, 512)",50_VCZ,44.16565463503129,0.986337891371682,1.8758924007415771,6.698516351138233,0.6810667514801025,30.035587905810367,0.9030395921579212,0.004124641418457031
./images/standard//lake.tif,grayscale,"(512, 512)",50_HCZ,44.16565463503129,0.986337891371682,1.8758924007415771,8.738631136508118,0.7786049842834473,28.51854584275817,0.8690383305806679,0.003755331039428711
./images/standard//lake.tif,grayscale,"(512, 512)",50_LRZ,44.16565463503129,0.986337891371682,1.8758924007415771,10.449782301806383,0.6211225986480713,27.783967180040868,0.8481141637950781,0.003526926040649414
./images/standard//lake.tif,grayscale,"(512, 512)",50_ULDRZ,44.16565463503129,0.986337891371682,1.8758924007415771,8.105033723538499,0.618128776550293,28.505894327082952,0.8744570685110068,0.002748250961303711
./images/standard//lake.tif,grayscale,"(512, 512)",25_CZ,44.16565463503129,0.986337891371682,1.8758924007415771,10.00106163685568,0.5495343208312988,32.42195428903571,0.9412230937663467,0.0022835731506347656
./images/standard//lake.tif,grayscale,"(512, 512)",25_UL,44.16565463503129,0.986337891371682,1.8758924007415771,10.806081847621606,0.4215066432952881,30.585944415198007,0.9340651222210729,0.004643917083740234
./images/standard//lake.tif,grayscale,"(512, 512)",25_CRZ,44.16565463503129,0.986337891371682,1.8758924007415771,11.3241673346201,0.8557074069976807,31.420589296603648,0.9302148914703601,0.0022563934326171875
./images/standard//lake.tif,grayscale,"(512, 512)",25_CLZ,44.16565463503129,0.986337891371682,1.8758924007415771,12.217014238868062,0.41627025604248047,31.403920611079485,0.9251885910865104,0.0023031234741210938
./images/standard//lake.tif,grayscale,"(512, 512)",25_CUZ,44.16565463503129,0.986337891371682,1.8758924007415771,8.539674072844273,0.41417527198791504,33.54061608663051,0.9622195132447983,0.002278566360473633
./images/standard//lake.tif,grayscale,"(512, 512)",25_DZ1,44.16565463503129,0.986337891371682,1.8758924007415771,11.601116145119013,0.4367334842681885,30.789836944023932,0.9253645767492837,0.0023202896118164062
./images/standard//lake.tif,grayscale,"(512, 512)",25_DZ2,44.16565463503129,0.986337891371682,1.8758924007415771,15.11978702189484,0.4747610092163086,30.778166950395676,0.9135525466399453,0.0032393932342529297
./images/standard//peppers_gray.tif,grayscale,"(512, 512)",75_LZ,44.38145609487648,0.986759179452524,2.2800402641296387,7.229009915849229,0.722440242767334,30.75723274598298,0.8401817462596606,0.0034465789794921875
./images/standard//peppers_gray.tif,grayscale,"(512, 512)",75_BZ,44.38145609487648,0.986759179452524,2.2800402641296387,7.264321307424412,0.49537062644958496,30.542253773135112,0.8367900861936013,0.0025789737701416016
./images/standard//peppers_gray.tif,grayscale,"(512, 512)",75_RZ,44.38145609487648,0.986759179452524,2.2800402641296387,7.206259062348099,0.40405964851379395,30.707115876221177,0.8425630846994376,0.0027501583099365234
./images/standard//peppers_gray.tif,grayscale,"(512, 512)",75_TZ,44.38145609487648,0.986759179452524,2.2800402641296387,7.056393788573839,0.7475810050964355,30.84806975041318,0.8484282556097231,0.002615690231323242
./images/standard//peppers_gray.tif,grayscale,"(512, 512)",75_CZ,44.38145609487648,0.986759179452524,2.2800402641296387,7.537077413215691,0.42264580726623535,30.61982756544776,0.8412297683402253,0.0025174617767333984
./images/standard//peppers_gray.tif,grayscale,"(512, 512)",75_OZ,44.38145609487648,0.986759179452524,2.2800402641296387,7.404410238353538,0.42638492584228516,30.83483078294984,0.8488858980119305,0.0028629302978515625
./images/standard//peppers_gray.tif,grayscale,"(512, 512)",50_TZ,44.38145609487648,0.986759179452524,2.2800402641296387,8.627955357276608,0.45511293411254883,32.429567778934825,0.9001974805235107,0.0049059391021728516
./images/standard//peppers_gray.tif,grayscale,"(512, 512)",50_LZ,44.38145609487648,0.986759179452524,2.2800402641296387,8.938942467945687,0.6991469860076904,32.74421290366903,0.8925582580212945,0.002470254898071289
./images/standard//peppers_gray.tif,grayscale,"(512, 512)",50_VCZ,44.38145609487648,0.986759179452524,2.2800402641296387,9.030296979766968,0.41295480728149414,32.3341349023023,0.8865690039478198,0.00246429443359375
./images/standard//peppers_gray.tif,grayscale,"(512, 512)",50_HCZ,44.38145609487648,0.986759179452524,2.2800402641296387,8.855055310053375,0.45003509521484375,32.220486767310476,0.8890425147920459,0.0023789405822753906
./images/standard//peppers_gray.tif,grayscale,"(512, 512)",50_LRZ,44.38145609487648,0.986759179452524,2.2800402641296387,8.875595076147977,0.4517989158630371,32.53537824296702,0.896609064103962,0.0024805068969726562
./images/standard//peppers_gray.tif,grayscale,"(512, 512)",50_ULDRZ,44.38145609487648,0.986759179452524,2.2800402641296387,9.540011387549558,0.37587761878967285,32.32862794436953,0.8904087593121106,0.002532482147216797
./images/standard//peppers_gray.tif,grayscale,"(512, 512)",25_CZ,44.38145609487648,0.986759179452524,2.2800402641296387,11.379707568505697,0.4623289108276367,34.98995764838376,0.9343811805650597,0.002749204635620117
./images/standard//peppers_gray.tif,grayscale,"(512, 512)",25_UL,44.38145609487648,0.986759179452524,2.2800402641296387,12.165653531446905,0.5290887355804443,35.3572832185845,0.9434043451475154,0.002262592315673828
./images/standard//peppers_gray.tif,grayscale,"(512, 512)",25_CRZ,44.38145609487648,0.986759179452524,2.2800402641296387,11.749217078642316,0.49184632301330566,34.467580287686886,0.9369755734465647,0.002209186553955078
./images/standard//peppers_gray.tif,grayscale,"(512, 512)",25_CLZ,44.38145609487648,0.986759179452524,2.2800402641296387,11.982184493019911,0.5644307136535645,35.54742754144583,0.9389228664399637,0.0023686885833740234
./images/standard//peppers_gray.tif,grayscale,"(512, 512)",25_CUZ,44.38145609487648,0.986759179452524,2.2800402641296387,11.9015355479026,0.41008996963500977,35.07384484879032,0.9399335364085655,0.0023801326751708984
./images/standard//peppers_gray.tif,grayscale,"(512, 512)",25_DZ1,44.38145609487648,0.986759179452524,2.2800402641296387,12.35868410724144,0.40782976150512695,34.664836360636485,0.9399756174561517,0.002396821975708008
./images/standard//peppers_gray.tif,grayscale,"(512, 512)",25_DZ2,44.38145609487648,0.986759179452524,2.2800402641296387,12.220766843924523,0.40068817138671875,36.04712623186274,0.9439806288891864,0.003377199172973633
./images/standard//peppers_color.tif,grayscale,"(512, 512)",75_LZ,44.47256937711528,0.9869364808454778,2.119844675064087,7.259489083331752,0.481889009475708,30.803948127445825,0.8419855490762388,0.0038824081420898438
./images/standard//peppers_color.tif,grayscale,"(512, 512)",75_BZ,44.47256937711528,0.9869364808454778,2.119844675064087,7.2942614495892375,0.4465005397796631,30.588542007771366,0.8389392892419828,0.002559185028076172
./images/standard//peppers_color.tif,grayscale,"(512, 512)",75_RZ,44.47256937711528,0.9869364808454778,2.119844675064087,7.230872535269621,0.41818857192993164,30.74632727525919,0.8442936803232939,0.002605915069580078
./images/standard//peppers_color.tif,grayscale,"(512, 512)",75_TZ,44.47256937711528,0.9869364808454778,2.119844675064087,7.084073636192084,0.4119079113006592,30.882156361514312,0.8498388223447507,0.0034897327423095703
./images/standard//peppers_color.tif,grayscale,"(512, 512)",75_CZ,44.47256937711528,0.9869364808454778,2.119844675064087,7.561500161068566,0.4242513179779053,30.657916702040062,0.8428063394884914,0.0037093162536621094
./images/standard//peppers_color.tif,grayscale,"(512, 512)",75_OZ,44.47256937711528,0.9869364808454778,2.119844675064087,7.43240465066444,0.445889949798584,30.878633172844154,0.8501891285602012,0.0030722618103027344
./images/standard//peppers_color.tif,grayscale,"(512, 512)",50_TZ,44.47256937711528,0.9869364808454778,2.119844675064087,8.654368070433334,0.40952491760253906,32.4659730164362,0.9011113163839654,0.0024390220642089844
./images/standard//peppers_color.tif,grayscale,"(512, 512)",50_LZ,44.47256937711528,0.9869364808454778,2.119844675064087,8.974431782872257,0.4633662700653076,32.80291605455453,0.8939608278590021,0.0024840831756591797
./images/standard//peppers_color.tif,grayscale,"(512, 512)",50_VCZ,44.47256937711528,0.9869364808454778,2.119844675064087,9.055000999838157,0.40931105613708496,32.377945084038316,0.887884140052794,0.0024483203887939453
./images/standard//peppers_color.tif,grayscale,"(512, 512)",50_HCZ,44.47256937711528,0.9869364808454778,2.119844675064087,8.883550069925013,0.49421143531799316,32.25704838415611,0.8903830222399942,0.0025131702423095703
./images/standard//peppers_color.tif,grayscale,"(512, 512)",50_LRZ,44.47256937711528,0.9869364808454778,2.119844675064087,8.908624676460981,0.42456746101379395,32.58002184268951,0.8976622305490384,0.003686189651489258
./images/standard//peppers_color.tif,grayscale,"(512, 512)",50_ULDRZ,44.47256937711528,0.9869364808454778,2.119844675064087,9.564908348436399,0.6210157871246338,32.365337423902524,0.8910833170815441,0.002576589584350586
./images/standard//peppers_color.tif,grayscale,"(512, 512)",25_CZ,44.47256937711528,0.9869364808454778,2.119844675064087,11.41100653132488,0.4074273109436035,35.0356541448089,0.9354589339518716,0.002895355224609375
./images/standard//peppers_color.tif,grayscale,"(512, 512)",25_UL,44.47256937711528,0.9869364808454778,2.119844675064087,12.194936520045976,0.7835466861724854,35.40186279604231,0.9437913679986205,0.0026345252990722656
./images/standard//peppers_color.tif,grayscale,"(512, 512)",25_CRZ,44.47256937711528,0.9869364808454778,2.119844675064087,11.76943493139384,0.4109668731689453,34.493625657537905,0.9374302498826593,0.003260374069213867
./images/standard//peppers_color.tif,grayscale,"(512, 512)",25_CLZ,44.47256937711528,0.9869364808454778,2.119844675064087,12.019465269394079,0.659254789352417,35.6053449292521,0.9399885380505253,0.002296924591064453
./images/standard//peppers_color.tif,grayscale,"(512, 512)",25_CUZ,44.47256937711528,0.9869364808454778,2.119844675064087,11.920633371662685,0.40610170364379883,35.11524266934895,0.9405956804876648,0.002560853958129883
./images/standard//peppers_color.tif,grayscale,"(512, 512)",25_DZ1,44.47256937711528,0.9869364808454778,2.119844675064087,12.383843589684746,0.4205644130706787,34.71368233099794,0.9405783096934575,0.002213716506958008
./images/standard//peppers_color.tif,grayscale,"(512, 512)",25_DZ2,44.47256937711528,0.9869364808454778,2.119844675064087,12.25338343001107,0.41448116302490234,36.080681259492515,0.9442419694265075,0.0023097991943359375
./images/standard//mandril_gray.tif,grayscale,"(512, 512)",75_LZ,44.420825792187486,0.9933632267442034,1.745600700378418,6.630827337921583,0.41776275634765625,25.113510134294458,0.7351034839298729,0.004181623458862305
./images/standard//mandril_gray.tif,grayscale,"(512, 512)",75_BZ,44.420825792187486,0.9933632267442034,1.745600700378418,6.546862149534963,0.5968048572540283,26.171050554741747,0.7417796198047482,0.0025854110717773438
./images/standard//mandril_gray.tif,grayscale,"(512, 512)",75_RZ,44.420825792187486,0.9933632267442034,1.745600700378418,6.71987788287547,0.42496347427368164,25.454273810166246,0.7352194529612012,0.003198385238647461
./images/standard//mandril_gray.tif,grayscale,"(512, 512)",75_TZ,44.420825792187486,0.9933632267442034,1.745600700378418,6.991442814161912,0.4621117115020752,24.517851034131052,0.7131406583747993,0.0026056766510009766
./images/standard//mandril_gray.tif,grayscale,"(512, 512)",75_CZ,44.420825792187486,0.9933632267442034,1.745600700378418,6.975480190464072,0.40800023078918457,25.409562855016965,0.7326201821287351,0.0026154518127441406
./images/standard//mandril_gray.tif,grayscale,"(512, 512)",75_OZ,44.420825792187486,0.9933632267442034,1.745600700378418,7.205584384813285,0.40650010108947754,24.045857975697423,0.6817903038259844,0.0030579566955566406
./images/standard//mandril_gray.tif,grayscale,"(512, 512)",50_TZ,44.420825792187486,0.9933632267442034,1.745600700378418,8.676339248284469,0.41921043395996094,25.493583689579374,0.7935667730450092,0.0027647018432617188
./images/standard//mandril_gray.tif,grayscale,"(512, 512)",50_LZ,44.420825792187486,0.9933632267442034,1.745600700378418,8.546972346506749,0.4186272621154785,26.492750837703262,0.8110977760372938,0.003818988800048828
./images/standard//mandril_gray.tif,grayscale,"(512, 512)",50_VCZ,44.420825792187486,0.9933632267442034,1.745600700378418,8.1907539132755,0.42545366287231445,27.883526942112802,0.8436394715932135,0.0024573802947998047
./images/standard//mandril_gray.tif,grayscale,"(512, 512)",50_HCZ,44.420825792187486,0.9933632267442034,1.745600700378418,8.446054409797137,0.4157257080078125,27.83169638235787,0.8282368128816872,0.0026171207427978516
./images/standard//mandril_gray.tif,grayscale,"(512, 512)",50_LRZ,44.420825792187486,0.9933632267442034,1.745600700378418,8.971296578123798,0.415172815322876,25.67190298461719,0.7781471391564664,0.0024335384368896484
./images/standard//mandril_gray.tif,grayscale,"(512, 512)",50_ULDRZ,44.420825792187486,0.9933632267442034,1.745600700378418,8.936423446814166,0.41403865814208984,26.450745531457876,0.8076359713416414,0.0024411678314208984
./images/standard//mandril_gray.tif,grayscale,"(512, 512)",25_CZ,44.420825792187486,0.9933632267442034,1.745600700378418,10.550002561148242,0.4154682159423828,34.00319301328927,0.9392435434384977,0.0042688846588134766
./images/standard//mandril_gray.tif,grayscale,"(512, 512)",25_UL,44.420825792187486,0.9933632267442034,1.745600700378418,12.050014020857034,0.42075657844543457,28.198324465417105,0.8925189919467879,0.002228975296020508
./images/standard//mandril_gray.tif,grayscale,"(512, 512)",25_CRZ,44.420825792187486,0.9933632267442034,1.745600700378418,11.408329292090652,0.42364954948425293,31.255190084255382,0.9091934492674867,0.002767801284790039
./images/standard//mandril_gray.tif,grayscale,"(512, 512)",25_CLZ,44.420825792187486,0.9933632267442034,1.745600700378418,11.502697837189565,0.42163872718811035,30.293551098528265,0.9125765448261555,0.0023736953735351562
./images/standard//mandril_gray.tif,grayscale,"(512, 512)",25_CUZ,44.420825792187486,0.9933632267442034,1.745600700378418,11.400679188299357,0.4186666011810303,30.782957011981612,0.9234000677570989,0.002265453338623047
./images/standard//mandril_gray.tif,grayscale,"(512, 512)",25_DZ1,44.420825792187486,0.9933632267442034,1.745600700378418,11.554577899411154,0.42640018463134766,28.639935434172706,0.8834617662513486,0.0024547576904296875
./images/standard//mandril_gray.tif,grayscale,"(512, 512)",25_DZ2,44.420825792187486,0.9933632267442034,1.745600700378418,12.236168693561396,0.464827299118042,27.770891119263055,0.8781425162872927,0.0020499229431152344
./images/standard//yourname.png,grayscale,"(1152, 1920)",75_LZ,44.340201078387565,0.975372334284859,14.784481525421143,6.438853160748264,3.957017183303833,33.80660907709444,0.9582736022143832,0.016913414001464844
./images/standard//yourname.png,grayscale,"(1152, 1920)",75_BZ,44.340201078387565,0.975372334284859,14.784481525421143,6.019736637034488,3.7487826347351074,33.97168568967392,0.9568233971528892,0.017210960388183594
./images/standard//yourname.png,grayscale,"(1152, 1920)",75_RZ,44.340201078387565,0.975372334284859,14.784481525421143,6.567195759971432,3.6516621112823486,34.101388886886525,0.9614617435037266,0.017202138900756836
./images/standard//yourname.png,grayscale,"(1152, 1920)",75_TZ,44.340201078387565,0.975372334284859,14.784481525421143,6.060005173743369,3.882652997970581,37.238432886418614,0.9738229529360665,0.017454147338867188
./images/standard//yourname.png,grayscale,"(1152, 1920)",75_CZ,44.340201078387565,0.975372334284859,14.784481525421143,6.239056123509645,3.6352951526641846,34.31520353205945,0.96320220090385,0.01856255531311035
./images/standard//yourname.png,grayscale,"(1152, 1920)",75_OZ,44.340201078387565,0.975372334284859,14.784481525421143,6.6758170321840415,3.849069833755493,34.87779709280139,0.9606326662376363,0.017348289489746094
./images/standard//yourname.png,grayscale,"(1152, 1920)",50_TZ,44.340201078387565,0.975372334284859,14.784481525421143,8.646134297586494,4.589223146438599,41.00717188616314,0.9787046220517659,0.018349647521972656
./images/standard//yourname.png,grayscale,"(1152, 1920)",50_LZ,44.340201078387565,0.975372334284859,14.784481525421143,8.123822366032863,3.442575216293335,35.84001776540219,0.9639274101839161,0.019043684005737305
./images/standard//yourname.png,grayscale,"(1152, 1920)",50_VCZ,44.340201078387565,0.975372334284859,14.784481525421143,8.474346419929812,3.3711557388305664,34.335898791277764,0.9622042210575815,0.017450809478759766
./images/standard//yourname.png,grayscale,"(1152, 1920)",50_HCZ,44.340201078387565,0.975372334284859,14.784481525421143,7.157930262060831,3.4378981590270996,38.15595409753448,0.9731152254284281,0.017546653747558594
./images/standard//yourname.png,grayscale,"(1152, 1920)",50_LRZ,44.340201078387565,0.975372334284859,14.784481525421143,7.869154963956387,3.7093420028686523,39.7876282355022,0.9706880454566857,0.016021013259887695
./images/standard//yourname.png,grayscale,"(1152, 1920)",50_ULDRZ,44.340201078387565,0.975372334284859,14.784481525421143,7.684663563414257,3.638218402862549,36.551965170673,0.9675228566708056,0.016652822494506836
./images/standard//yourname.png,grayscale,"(1152, 1920)",25_CZ,44.340201078387565,0.975372334284859,14.784481525421143,10.436511723058747,4.158057689666748,38.29024461568354,0.9722604523472137,0.015709638595581055
./images/standard//yourname.png,grayscale,"(1152, 1920)",25_UL,44.340201078387565,0.975372334284859,14.784481525421143,11.088847372789683,4.195785284042358,42.06064704781613,0.9763106149278058,0.015371084213256836
./images/standard//yourname.png,grayscale,"(1152, 1920)",25_CRZ,44.340201078387565,0.975372334284859,14.784481525421143,10.000089943511943,3.6583364009857178,40.57868329834957,0.9745194364738625,0.0178530216217041
./images/standard//yourname.png,grayscale,"(1152, 1920)",25_CLZ,44.340201078387565,0.975372334284859,14.784481525421143,10.341413475150752,3.8871772289276123,39.905726640052535,0.9739764273128146,0.016812801361083984
./images/standard//yourname.png,grayscale,"(1152, 1920)",25_CUZ,44.340201078387565,0.975372334284859,14.784481525421143,12.439797797801319,3.684272289276123,41.24073664398432,0.976924292821137,0.015699386596679688
./images/standard//yourname.png,grayscale,"(1152, 1920)",25_DZ1,44.340201078387565,0.975372334284859,14.784481525421143,11.197036464057737,3.746245861053467,36.47365723556125,0.9663830464816298,0.016122817993164062
./images/standard//yourname.png,grayscale,"(1152, 1920)",25_DZ2,44.340201078387565,0.975372334284859,14.784481525421143,10.348484285263877,3.6348817348480225,43.28889976220311,0.975223539305722,0.015556812286376953
./images/standard//pirate.tif,grayscale,"(512, 512)",75_LZ,44.413660906479066,0.987493461703691,2.342618703842163,7.96922683828341,0.4173429012298584,27.787491904622954,0.8113609473924438,0.00264739990234375
./images/standard//pirate.tif,grayscale,"(512, 512)",75_BZ,44.413660906479066,0.987493461703691,2.342618703842163,7.656015051032665,0.4092750549316406,27.692350593565255,0.7964974774650831,0.0026416778564453125
./images/standard//pirate.tif,grayscale,"(512, 512)",75_RZ,44.413660906479066,0.987493461703691,2.342618703842163,7.459667501039182,0.41469907760620117,28.675839357705687,0.8029190585300214,0.0025937557220458984
./images/standard//pirate.tif,grayscale,"(512, 512)",75_TZ,44.413660906479066,0.987493461703691,2.342618703842163,7.6314271638601845,0.4164595603942871,28.289231733592146,0.8132823496514412,0.002721071243286133
./images/standard//pirate.tif,grayscale,"(512, 512)",75_CZ,44.413660906479066,0.987493461703691,2.342618703842163,7.968997746841864,0.4153931140899658,28.013027869763892,0.8099237869530518,0.0037889480590820312
./images/standard//pirate.tif,grayscale,"(512, 512)",75_OZ,44.413660906479066,0.987493461703691,2.342618703842163,7.913729887224631,0.41071152687072754,28.567129445019397,0.8185441033310482,0.0034465789794921875
./images/standard//pirate.tif,grayscale,"(512, 512)",50_TZ,44.413660906479066,0.987493461703691,2.342618703842163,9.270774506999501,0.41347360610961914,30.397522776143266,0.8748210763052702,0.0022819042205810547
./images/standard//pirate.tif,grayscale,"(512, 512)",50_LZ,44.413660906479066,0.987493461703691,2.342618703842163,10.396371374397035,0.4774928092956543,28.75584649327664,0.8593001554059456,0.0024504661560058594
./images/standard//pirate.tif,grayscale,"(512, 512)",50_VCZ,44.413660906479066,0.987493461703691,2.342618703842163,9.487075832571659,0.41668224334716797,29.881291415790116,0.866040759862667,0.002821207046508789
./images/standard//pirate.tif,grayscale,"(512, 512)",50_HCZ,44.413660906479066,0.987493461703691,2.342618703842163,9.299142084848594,0.5862360000610352,29.24136888836167,0.8615405810567264,0.0023903846740722656
./images/standard//pirate.tif,grayscale,"(512, 512)",50_LRZ,44.413660906479066,0.987493461703691,2.342618703842163,9.428394569743784,0.42044854164123535,29.99278672212922,0.8701248522468485,0.003192901611328125
./images/standard//pirate.tif,grayscale,"(512, 512)",50_ULDRZ,44.413660906479066,0.987493461703691,2.342618703842163,9.879336578705827,0.4605522155761719,29.572561233859226,0.8542981825383105,0.00241851806640625
./images/standard//pirate.tif,grayscale,"(512, 512)",25_CZ,44.413660906479066,0.987493461703691,2.342618703842163,11.875259363108132,0.41787171363830566,31.948899707815244,0.9176547463670507,0.002277374267578125
./images/standard//pirate.tif,grayscale,"(512, 512)",25_UL,44.413660906479066,0.987493461703691,2.342618703842163,13.674894482290563,0.6450784206390381,31.69254371536823,0.9200616576101487,0.0036122798919677734
./images/standard//pirate.tif,grayscale,"(512, 512)",25_CRZ,44.413660906479066,0.987493461703691,2.342618703842163,11.612082673268702,0.4204134941101074,34.9342332304409,0.9391130367083178,0.003444671630859375
./images/standard//pirate.tif,grayscale,"(512, 512)",25_CLZ,44.413660906479066,0.987493461703691,2.342618703842163,13.137367665804366,0.4697093963623047,30.428678575261607,0.9100283133816844,0.002487659454345703
./images/standard//pirate.tif,grayscale,"(512, 512)",25_CUZ,44.413660906479066,0.987493461703691,2.342618703842163,12.587279074535918,0.41992902755737305,33.78358348527884,0.929089177886971,0.003408193588256836
./images/standard//pirate.tif,grayscale,"(512, 512)",25_DZ1,44.413660906479066,0.987493461703691,2.342618703842163,12.53429586339739,0.45285916328430176,32.02300517552399,0.9301615409805818,0.0025141239166259766
./images/standard//pirate.tif,grayscale,"(512, 512)",25_DZ2,44.413660906479066,0.987493461703691,2.342618703842163,12.960813468970509,0.40552425384521484,34.091909858724286,0.9413207410216027,0.004312992095947266
./images/standard//house.tif,grayscale,"(512, 512)",75_LZ,44.57454544195728,0.9803268543527627,1.9696128368377686,5.760342608759736,0.4176921844482422,37.0457184931607,0.9485641476508777,0.0027513504028320312
./images/standard//house.tif,grayscale,"(512, 512)",75_BZ,44.57454544195728,0.9803268543527627,1.9696128368377686,7.151096231643692,0.4430527687072754,35.60734502674184,0.9335882122940693,0.002674102783203125
./images/standard//house.tif,grayscale,"(512, 512)",75_RZ,44.57454544195728,0.9803268543527627,1.9696128368377686,6.667038346689581,0.4134402275085449,36.04291404288774,0.937717004954925,0.0026824474334716797
./images/standard//house.tif,grayscale,"(512, 512)",75_TZ,44.57454544195728,0.9803268543527627,1.9696128368377686,5.361012739314322,0.5662317276000977,37.29177867198214,0.9537514940960355,0.0026061534881591797
./images/standard//house.tif,grayscale,"(512, 512)",75_CZ,44.57454544195728,0.9803268543527627,1.9696128368377686,6.545257575405859,0.41193532943725586,36.28741983520825,0.94048737812752,0.0032377243041992188
./images/standard//house.tif,grayscale,"(512, 512)",75_OZ,44.57454544195728,0.9803268543527627,1.9696128368377686,5.526210199002516,0.5246896743774414,36.48611596803167,0.9498154738531153,0.0027141571044921875
./images/standard//house.tif,grayscale,"(512, 512)",50_TZ,44.57454544195728,0.9803268543527627,1.9696128368377686,6.563080846146409,0.41900086402893066,39.22132987714089,0.9686636340999202,0.0024471282958984375
./images/standard//house.tif,grayscale,"(512, 512)",50_LZ,44.57454544195728,0.9803268543527627,1.9696128368377686,7.311960923845975,0.45064735412597656,39.14436448950426,0.9613457918404136,0.0027437210083007812
./images/standard//house.tif,grayscale,"(512, 512)",50_VCZ,44.57454544195728,0.9803268543527627,1.9696128368377686,8.453051529855047,0.42269158363342285,37.99331652653841,0.9520732539680572,0.0030782222747802734
./images/standard//house.tif,grayscale,"(512, 512)",50_HCZ,44.57454544195728,0.9803268543527627,1.9696128368377686,8.367429712326764,0.6732213497161865,37.592092129792235,0.9531318077523587,0.0024204254150390625
./images/standard//house.tif,grayscale,"(512, 512)",50_LRZ,44.57454544195728,0.9803268543527627,1.9696128368377686,7.092500338323734,0.4200773239135742,37.86292933215467,0.9624626405926991,0.003652811050415039
./images/standard//house.tif,grayscale,"(512, 512)",50_ULDRZ,44.57454544195728,0.9803268543527627,1.9696128368377686,7.945023273569354,0.6877191066741943,37.64609798634758,0.9550474574572809,0.0024454593658447266
./images/standard//house.tif,grayscale,"(512, 512)",25_CZ,44.57454544195728,0.9803268543527627,1.9696128368377686,12.368116387270423,0.40282511711120605,40.10014632420795,0.9647191627406994,0.0037097930908203125
./images/standard//house.tif,grayscale,"(512, 512)",25_UL,44.57454544195728,0.9803268543527627,1.9696128368377686,9.416247993662845,0.4279921054840088,42.008740668289036,0.975406565001966,0.002405405044555664
./images/standard//house.tif,grayscale,"(512, 512)",25_CRZ,44.57454544195728,0.9803268543527627,1.9696128368377686,12.354662698163718,0.4095017910003662,39.09311449930262,0.9638334640094843,0.005689859390258789
./images/standard//house.tif,grayscale,"(512, 512)",25_CLZ,44.57454544195728,0.9803268543527627,1.9696128368377686,10.578972047696258,0.4395287036895752,40.667599560498786,0.9696284349154479,0.002250194549560547
./images/standard//house.tif,grayscale,"(512, 512)",25_CUZ,44.57454544195728,0.9803268543527627,1.9696128368377686,10.45951068531961,0.4059102535247803,40.906794180509834,0.9716345974246985,0.003392457962036133
./images/standard//house.tif,grayscale,"(512, 512)",25_DZ1,44.57454544195728,0.9803268543527627,1.9696128368377686,11.538600826622405,0.6999852657318115,39.14152841030067,0.9640932991836665,0.0022597312927246094
./images/standard//house.tif,grayscale,"(512, 512)",25_DZ2,44.57454544195728,0.9803268543527627,1.9696128368377686,9.26252724380386,0.41223597526550293,41.68022748988712,0.9758427870802099,0.0022575855255126953
./images/standard//boat_gray.tiff,grayscale,"(512, 512)",75_LZ,44.32915095069542,0.9877016544139475,1.9558219909667969,6.302504774410226,0.4243738651275635,27.287022642464347,0.7834554038089874,0.0038976669311523438
./images/standard//boat_gray.tiff,grayscale,"(512, 512)",75_BZ,44.32915095069542,0.9877016544139475,1.9558219909667969,6.9892149325754005,0.4208190441131592,26.377902593100437,0.7677850589536375,0.0025839805603027344
./images/standard//boat_gray.tiff,grayscale,"(512, 512)",75_RZ,44.32915095069542,0.9877016544139475,1.9558219909667969,6.755533991995214,0.3895282745361328,26.476845029596387,0.7720329983398097,0.0037832260131835938
./images/standard//boat_gray.tiff,grayscale,"(512, 512)",75_TZ,44.32915095069542,0.9877016544139475,1.9558219909667969,6.604652046300101,0.543323278427124,26.152677121502048,0.7756544845616531,0.002894878387451172
./images/standard//boat_gray.tiff,grayscale,"(512, 512)",75_CZ,44.32915095069542,0.9877016544139475,1.9558219909667969,6.84623703052298,0.39056849479675293,26.172143819678865,0.7692244405978816,0.0038843154907226562
./images/standard//boat_gray.tiff,grayscale,"(512, 512)",75_OZ,44.32915095069542,0.9877016544139475,1.9558219909667969,6.466369717030764,0.4421539306640625,27.582245314743375,0.7793843005637303,0.003083467483520508
./images/standard//boat_gray.tiff,grayscale,"(512, 512)",50_TZ,44.32915095069542,0.9877016544139475,1.9558219909667969,7.6474606198061235,0.39006662368774414,28.26652212167495,0.8357828568580696,0.0027379989624023438
./images/standard//boat_gray.tiff,grayscale,"(512, 512)",50_LZ,44.32915095069542,0.9877016544139475,1.9558219909667969,7.906090125859787,0.45758771896362305,29.234233076016423,0.8510518925884757,0.0024099349975585938
./images/standard//boat_gray.tiff,grayscale,"(512, 512)",50_VCZ,44.32915095069542,0.9877016544139475,1.9558219909667969,8.14947185482395,0.39914560317993164,28.522943836266776,0.8485489421202713,0.002429485321044922
./images/standard//boat_gray.tiff,grayscale,"(512, 512)",50_HCZ,44.32915095069542,0.9877016544139475,1.9558219909667969,8.985135589536338,0.399677038192749,26.9585119301313,0.8365000834867651,0.002382993698120117
./images/standard//boat_gray.tiff,grayscale,"(512, 512)",50_LRZ,44.32915095069542,0.9877016544139475,1.9558219909667969,8.565178696831229,0.40169692039489746,28.712489955470204,0.8466245622293154,0.002445220947265625
./images/standard//boat_gray.tiff,grayscale,"(512, 512)",50_ULDRZ,44.32915095069542,0.9877016544139475,1.9558219909667969,8.4758745221068,0.3961782455444336,30.359543271099447,0.8623886448448821,0.0024602413177490234
./images/standard//boat_gray.tiff,grayscale,"(512, 512)",25_CZ,44.32915095069542,0.9877016544139475,1.9558219909667969,11.761048002735425,0.3931753635406494,29.977289253122063,0.9158217850884036,0.0025310516357421875
./images/standard//boat_gray.tiff,grayscale,"(512, 512)",25_UL,44.32915095069542,0.9877016544139475,1.9558219909667969,10.370495645700206,0.4071357250213623,33.51300695648031,0.9210686100181541,0.0035855770111083984
./images/standard//boat_gray.tiff,grayscale,"(512, 512)",25_CRZ,44.32915095069542,0.9877016544139475,1.9558219909667969,12.860504986767554,0.4993298053741455,29.813549217545923,0.9174503419041633,0.002223491668701172
./images/standard//boat_gray.tiff,grayscale,"(512, 512)",25_CLZ,44.32915095069542,0.9877016544139475,1.9558219909667969,11.27223878191873,0.3964688777923584,29.96750822005966,0.9069479058314136,0.003359556198120117
./images/standard//boat_gray.tiff,grayscale,"(512, 512)",25_CUZ,44.32915095069542,0.9877016544139475,1.9558219909667969,10.478827909623536,0.43123579025268555,30.554769694517194,0.9086659819527393,0.002241849899291992
./images/standard//boat_gray.tiff,grayscale,"(512, 512)",25_DZ1,44.32915095069542,0.9877016544139475,1.9558219909667969,11.156999019510195,0.39208173751831055,31.961659286408278,0.9087272147888147,0.003378629684448242
./images/standard//boat_gray.tiff,grayscale,"(512, 512)",25_DZ2,44.32915095069542,0.9877016544139475,1.9558219909667969,11.753601918162033,0.5593407154083252,31.27778195179733,0.9269572117861293,0.002279996871948242
./images/standard//walkbridge.tif,grayscale,"(512, 512)",75_LZ,44.37245878636833,0.9946364862718636,1.736114263534546,6.696776120516143,0.46441006660461426,25.326939185856098,0.7296283964828463,0.002658843994140625
./images/standard//walkbridge.tif,grayscale,"(512, 512)",75_BZ,44.37245878636833,0.9946364862718636,1.736114263534546,7.500512775324122,0.39723968505859375,25.42600410025241,0.7243572993841728,0.00339508056640625
./images/standard//walkbridge.tif,grayscale,"(512, 512)",75_RZ,44.37245878636833,0.9946364862718636,1.736114263534546,8.254744323779779,0.544424295425415,24.303604215077076,0.6819577145128936,0.0032052993774414062
./images/standard//walkbridge.tif,grayscale,"(512, 512)",75_TZ,44.37245878636833,0.9946364862718636,1.736114263534546,7.107532898731277,0.39053797721862793,24.148626783299207,0.6898637222312265,0.0029647350311279297
./images/standard//walkbridge.tif,grayscale,"(512, 512)",75_CZ,44.37245878636833,0.9946364862718636,1.736114263534546,7.569890838203067,0.5224087238311768,24.685291553381376,0.7059383726536482,0.003246307373046875
./images/standard//walkbridge.tif,grayscale,"(512, 512)",75_OZ,44.37245878636833,0.9946364862718636,1.736114263534546,7.387513817674134,0.38704490661621094,24.54430015951879,0.6877953915049069,0.002614259719848633
./images/standard//walkbridge.tif,grayscale,"(512, 512)",50_TZ,44.37245878636833,0.9946364862718636,1.736114263534546,8.178351884251342,0.4189870357513428,25.392787604802407,0.7897579271739411,0.002421140670776367
./images/standard//walkbridge.tif,grayscale,"(512, 512)",50_LZ,44.37245878636833,0.9946364862718636,1.736114263534546,7.845875889571018,0.391387939453125,27.75759737567721,0.8321984599967353,0.0026183128356933594
./images/standard//walkbridge.tif,grayscale,"(512, 512)",50_VCZ,44.37245878636833,0.9946364862718636,1.736114263534546,9.289907594105136,0.3892388343811035,26.64153137320867,0.8075358040419579,0.002421140670776367
./images/standard//walkbridge.tif,grayscale,"(512, 512)",50_HCZ,44.37245878636833,0.9946364862718636,1.736114263534546,8.96875877642369,0.39537954330444336,26.505945078085055,0.810170714661617,0.0023963451385498047
./images/standard//walkbridge.tif,grayscale,"(512, 512)",50_LRZ,44.37245878636833,0.9946364862718636,1.736114263534546,8.93042842892166,0.38671231269836426,26.293344085401085,0.7921116583795448,0.002418041229248047
./images/standard//walkbridge.tif,grayscale,"(512, 512)",50_ULDRZ,44.37245878636833,0.9946364862718636,1.736114263534546,9.04725956172419,0.4124784469604492,26.25848518604339,0.7855392848055681,0.0024056434631347656
./images/standard//walkbridge.tif,grayscale,"(512, 512)",25_CZ,44.37245878636833,0.9946364862718636,1.736114263534546,11.993200217065606,0.39069628715515137,29.988471166810008,0.9117634914072358,0.0026013851165771484
./images/standard//walkbridge.tif,grayscale,"(512, 512)",25_UL,44.37245878636833,0.9946364862718636,1.736114263534546,10.105384953702835,0.40035367012023926,29.113134621020862,0.9014643383756672,0.0022635459899902344
./images/standard//walkbridge.tif,grayscale,"(512, 512)",25_CRZ,44.37245878636833,0.9946364862718636,1.736114263534546,13.34122112563116,0.40105175971984863,28.234839158829143,0.8839005440329045,0.0022406578063964844
./images/standard//walkbridge.tif,grayscale,"(512, 512)",25_CLZ,44.37245878636833,0.9946364862718636,1.736114263534546,10.941701463241182,0.3884618282318115,31.130806787698226,0.9210472818477813,0.002267599105834961
./images/standard//walkbridge.tif,grayscale,"(512, 512)",25_CUZ,44.37245878636833,0.9946364862718636,1.736114263534546,11.118469153554518,0.39591526985168457,28.044606664490015,0.8925557027078831,0.003302335739135742
./images/standard//walkbridge.tif,grayscale,"(512, 512)",25_DZ1,44.37245878636833,0.9946364862718636,1.736114263534546,12.105809078125947,0.5413827896118164,30.411969441733078,0.9081720427392833,0.0022478103637695312
./images/standard//walkbridge.tif,grayscale,"(512, 512)",25_DZ2,44.37245878636833,0.9946364862718636,1.736114263534546,12.18913351244124,0.38720202445983887,28.696078694672185,0.8828421573786838,0.003263711929321289
./images/standard//lena_color_512.tif,grayscale,"(512, 512)",75_LZ,44.29573497452898,0.9822216191456173,1.9874682426452637,7.076402521885581,0.4056422710418701,29.47749393761732,0.8545475206794928,0.003717184066772461
./images/standard//lena_color_512.tif,grayscale,"(512, 512)",75_BZ,44.29573497452898,0.9822216191456173,1.9874682426452637,6.975488960511501,0.42513251304626465,29.47501518276731,0.8636985353989148,0.005368947982788086
./images/standard//lena_color_512.tif,grayscale,"(512, 512)",75_RZ,44.29573497452898,0.9822216191456173,1.9874682426452637,6.638035182183638,0.3944525718688965,30.185308955949814,0.8695994125441827,0.0027954578399658203
./images/standard//lena_color_512.tif,grayscale,"(512, 512)",75_TZ,44.29573497452898,0.9822216191456173,1.9874682426452637,6.754620897504897,0.39275670051574707,30.671028130339796,0.8755182814043311,0.002726316452026367
./images/standard//lena_color_512.tif,grayscale,"(512, 512)",75_CZ,44.29573497452898,0.9822216191456173,1.9874682426452637,6.83987779742282,0.462785005569458,29.76075656856746,0.8625660951446352,0.002602100372314453
./images/standard//lena_color_512.tif,grayscale,"(512, 512)",75_OZ,44.29573497452898,0.9822216191456173,1.9874682426452637,6.905905098881263,0.39907240867614746,31.748265717557935,0.8962899865752835,0.0025932788848876953
./images/standard//lena_color_512.tif,grayscale,"(512, 512)",50_TZ,44.29573497452898,0.9822216191456173,1.9874682426452637,8.352701804296496,0.4013230800628662,33.633382406692675,0.9164864738363471,0.0024085044860839844
./images/standard//lena_color_512.tif,grayscale,"(512, 512)",50_LZ,44.29573497452898,0.9822216191456173,1.9874682426452637,9.66104109119195,0.3938181400299072,30.60047687324298,0.8871510033909652,0.0025768280029296875
./images/standard//lena_color_512.tif,grayscale,"(512, 512)",50_VCZ,44.29573497452898,0.9822216191456173,1.9874682426452637,8.506326308854103,0.3979523181915283,30.601374533408322,0.8860509095549481,0.0024144649505615234
./images/standard//lena_color_512.tif,grayscale,"(512, 512)",50_HCZ,44.29573497452898,0.9822216191456173,1.9874682426452637,8.54143458750066,0.40076279640197754,31.13544067549899,0.9011207931345184,0.002257823944091797
./images/standard//lena_color_512.tif,grayscale,"(512, 512)",50_LRZ,44.29573497452898,0.9822216191456173,1.9874682426452637,8.83205679242462,0.3856697082519531,34.18023950784966,0.9347826867824627,0.0031213760375976562
./images/standard//lena_color_512.tif,grayscale,"(512, 512)",50_ULDRZ,44.29573497452898,0.9822216191456173,1.9874682426452637,8.371560304007748,0.3943297863006592,33.916320663584,0.918889406222687,0.002464771270751953
./images/standard//lena_color_512.tif,grayscale,"(512, 512)",25_CZ,44.29573497452898,0.9822216191456173,1.9874682426452637,11.674401336117622,0.39282655715942383,32.33589096124581,0.9246039230760117,0.0022492408752441406
./images/standard//lena_color_512.tif,grayscale,"(512, 512)",25_UL,44.29573497452898,0.9822216191456173,1.9874682426452637,11.942588653963872,0.3928868770599365,36.068256918975536,0.9421828882057693,0.0028858184814453125
./images/standard//lena_color_512.tif,grayscale,"(512, 512)",25_CRZ,44.29573497452898,0.9822216191456173,1.9874682426452637,10.622807230884085,0.513702392578125,35.758397208509116,0.9532697479205803,0.002224445343017578
./images/standard//lena_color_512.tif,grayscale,"(512, 512)",25_CLZ,44.29573497452898,0.9822216191456173,1.9874682426452637,12.73195132736037,0.3885948657989502,32.66330367334796,0.9302098075930454,0.0029420852661132812
./images/standard//lena_color_512.tif,grayscale,"(512, 512)",25_CUZ,44.29573497452898,0.9822216191456173,1.9874682426452637,10.840291912833974,0.43450164794921875,34.836153960783804,0.9357125044105716,0.002801656723022461
./images/standard//lena_color_512.tif,grayscale,"(512, 512)",25_DZ1,44.29573497452898,0.9822216191456173,1.9874682426452637,11.83200625356276,0.39066314697265625,34.66259717019068,0.9502574088620932,0.0033502578735351562
./images/standard//lena_color_512.tif,grayscale,"(512, 512)",25_DZ2,44.29573497452898,0.9822216191456173,1.9874682426452637,11.547108222666754,0.43165111541748047,37.235634952519234,0.960339709881067,0.0022296905517578125
./images/standard//lena_gray_512.tif,grayscale,"(512, 512)",75_LZ,44.29679011675326,0.9822253825505373,1.7810704708099365,7.076475032767639,0.39342665672302246,29.47745666451833,0.8545479050276424,0.002675294876098633
./images/standard//lena_gray_512.tif,grayscale,"(512, 512)",75_BZ,44.29679011675326,0.9822253825505373,1.7810704708099365,6.975545829753224,0.3926570415496826,29.474901622121475,0.8636870548692577,0.002519369125366211
./images/standard//lena_gray_512.tif,grayscale,"(512, 512)",75_RZ,44.29679011675326,0.9822253825505373,1.7810704708099365,6.638089609111347,0.38944172859191895,30.18519356310403,0.8695900274770969,0.002911806106567383
./images/standard//lena_gray_512.tif,grayscale,"(512, 512)",75_TZ,44.29679011675326,0.9822253825505373,1.7810704708099365,6.754677691096926,0.3895430564880371,30.67090443481504,0.8755172474085087,0.0026361942291259766
./images/standard//lena_gray_512.tif,grayscale,"(512, 512)",75_CZ,44.29679011675326,0.9822253825505373,1.7810704708099365,6.839938199313583,0.38512158393859863,29.760616719142025,0.862561420686408,0.0025925636291503906
./images/standard//lena_gray_512.tif,grayscale,"(512, 512)",75_OZ,44.29679011675326,0.9822253825505373,1.7810704708099365,6.905970850836188,0.38974761962890625,31.748338881228758,0.8962885339981418,0.002701282501220703
./images/standard//lena_gray_512.tif,grayscale,"(512, 512)",50_TZ,44.29679011675326,0.9822253825505373,1.7810704708099365,8.352754423186804,0.38770508766174316,33.6333488811784,0.9164908944402903,0.002416372299194336
./images/standard//lena_gray_512.tif,grayscale,"(512, 512)",50_LZ,44.29679011675326,0.9822253825505373,1.7810704708099365,9.661136688532247,0.3952772617340088,30.60045112823085,0.8871497267772355,0.00324249267578125
./images/standard//lena_gray_512.tif,grayscale,"(512, 512)",50_VCZ,44.29679011675326,0.9822253825505373,1.7810704708099365,8.506392316200383,0.3878626823425293,30.601282652234296,0.8860487575502496,0.0034656524658203125
./images/standard//lena_gray_512.tif,grayscale,"(512, 512)",50_HCZ,44.29679011675326,0.9822253825505373,1.7810704708099365,8.541482423342305,0.3899717330932617,31.13523088449357,0.9011151273232761,0.0022869110107421875
./images/standard//lena_gray_512.tif,grayscale,"(512, 512)",50_LRZ,44.29679011675326,0.9822253825505373,1.7810704708099365,8.832113632059173,0.3905515670776367,34.180499682868685,0.9347831989169718,0.004405498504638672
./images/standard//lena_gray_512.tif,grayscale,"(512, 512)",50_ULDRZ,44.29679011675326,0.9822253825505373,1.7810704708099365,8.371616979918015,0.4114651679992676,33.91612982765799,0.9188790417030223,0.003289937973022461
./images/standard//lena_gray_512.tif,grayscale,"(512, 512)",25_CZ,44.29679011675326,0.9822253825505373,1.7810704708099365,11.674450469302169,0.39212751388549805,32.3357469952697,0.9246013432400859,0.00363922119140625
./images/standard//lena_gray_512.tif,grayscale,"(512, 512)",25_UL,44.29679011675326,0.9822253825505373,1.7810704708099365,11.942663432197374,0.44342565536499023,36.06820849224414,0.9421846762871261,0.0022394657135009766
./images/standard//lena_gray_512.tif,grayscale,"(512, 512)",25_CRZ,44.29679011675326,0.9822253825505373,1.7810704708099365,10.622833105824778,0.39106011390686035,35.75804128238731,0.9532679066075411,0.0023543834686279297
./images/standard//lena_gray_512.tif,grayscale,"(512, 512)",25_CLZ,44.29679011675326,0.9822253825505373,1.7810704708099365,12.732035557565213,0.393787145614624,32.66309010368113,0.930209273546929,0.0029036998748779297
./images/standard//lena_gray_512.tif,grayscale,"(512, 512)",25_CUZ,44.29679011675326,0.9822253825505373,1.7810704708099365,10.84034788479967,0.38625049591064453,34.836200512211235,0.9357158295561774,0.0022537708282470703
./images/standard//lena_gray_512.tif,grayscale,"(512, 512)",25_DZ1,44.29679011675326,0.9822253825505373,1.7810704708099365,11.832063993195693,0.48483896255493164,34.66247417120225,0.9502575566681053,0.002264261245727539
./images/standard//lena_gray_512.tif,grayscale,"(512, 512)",25_DZ2,44.29679011675326,0.9822253825505373,1.7810704708099365,11.547173261500166,0.39507627487182617,37.23583447839026,0.9603459163255585,0.002249002456665039
./images/standard//lena_color_256.tif,grayscale,"(256, 256)",75_LZ,44.29961422574772,0.9857896951189881,0.4395439624786377,7.113263566150123,0.11088895797729492,27.007089762279094,0.8266192287075249,0.0012574195861816406
./images/standard//lena_color_256.tif,grayscale,"(256, 256)",75_BZ,44.29961422574772,0.9857896951189881,0.4395439624786377,7.011935942791482,0.11251688003540039,26.773947596045794,0.8233831706193653,0.0018627643585205078
./images/standard//lena_color_256.tif,grayscale,"(256, 256)",75_RZ,44.29961422574772,0.9857896951189881,0.4395439624786377,6.671102191260822,0.1431717872619629,27.27913907362915,0.8396481212059855,0.0010373592376708984
./images/standard//lena_color_256.tif,grayscale,"(256, 256)",75_TZ,44.29961422574772,0.9857896951189881,0.4395439624786377,6.787356449142347,0.10083389282226562,27.87283639111658,0.852193109787495,0.001333475112915039
./images/standard//lena_color_256.tif,grayscale,"(256, 256)",75_CZ,44.29961422574772,0.9857896951189881,0.4395439624786377,6.864369373770886,0.1102139949798584,27.099733785877746,0.832298451100013,0.0010385513305664062
./images/standard//lena_color_256.tif,grayscale,"(256, 256)",75_OZ,44.29961422574772,0.9857896951189881,0.4395439624786377,6.937240497983753,0.1140286922454834,28.712264558167035,0.8747279507983007,0.001033782958984375
./images/standard//lena_color_256.tif,grayscale,"(256, 256)",50_TZ,44.29961422574772,0.9857896951189881,0.4395439624786377,8.38251213213448,0.1150357723236084,30.80099788859183,0.9096594988659619,0.0009615421295166016
./images/standard//lena_color_256.tif,grayscale,"(256, 256)",50_LZ,44.29961422574772,0.9857896951189881,0.4395439624786377,9.704755534338048,0.11502361297607422,28.638976962174894,0.8703493568703365,0.0009529590606689453
./images/standard//lena_color_256.tif,grayscale,"(256, 256)",50_VCZ,44.29961422574772,0.9857896951189881,0.4395439624786377,8.542938550150321,0.1111457347869873,28.111511484320182,0.8671490233027873,0.0009450912475585938
./images/standard//lena_color_256.tif,grayscale,"(256, 256)",50_HCZ,44.29961422574772,0.9857896951189881,0.4395439624786377,8.577106332136461,0.11301136016845703,28.490874390351408,0.8764579537961374,0.0009653568267822266
./images/standard//lena_color_256.tif,grayscale,"(256, 256)",50_LRZ,44.29961422574772,0.9857896951189881,0.4395439624786377,8.863158009874258,0.10535931587219238,30.909078991991322,0.9190676511206489,0.002022266387939453
./images/standard//lena_color_256.tif,grayscale,"(256, 256)",50_ULDRZ,44.29961422574772,0.9857896951189881,0.4395439624786377,8.401314531378754,0.17467522621154785,30.732650290260068,0.9090939244407172,0.000986337661743164
./images/standard//lena_color_256.tif,grayscale,"(256, 256)",25_CZ,44.29961422574772,0.9857896951189881,0.4395439624786377,11.71623630196093,0.10309433937072754,29.955229798623456,0.9112895129361493,0.0013968944549560547
./images/standard//lena_color_256.tif,grayscale,"(256, 256)",25_UL,44.29961422574772,0.9857896951189881,0.4395439624786377,11.975248122874568,0.10407042503356934,34.401236011711575,0.9449103721943878,0.0015943050384521484
./images/standard//lena_color_256.tif,grayscale,"(256, 256)",25_CRZ,44.29961422574772,0.9857896951189881,0.4395439624786377,10.650838316551244,0.1072385311126709,32.16141154755378,0.9425538125629528,0.0017442703247070312
./images/standard//lena_color_256.tif,grayscale,"(256, 256)",25_CLZ,44.29961422574772,0.9857896951189881,0.4395439624786377,12.780047312069629,0.11420106887817383,30.732675624600976,0.9199986246934798,0.0008828639984130859
./images/standard//lena_color_256.tif,grayscale,"(256, 256)",25_CUZ,44.29961422574772,0.9857896951189881,0.4395439624786377,10.870405785398134,0.12393069267272949,32.666522131840466,0.9332932726721437,0.0017328262329101562
./images/standard//lena_color_256.tif,grayscale,"(256, 256)",25_DZ1,44.29961422574772,0.9857896951189881,0.4395439624786377,11.866670765285225,0.1180870532989502,31.901737484841707,0.9426899974349693,0.0014805793762207031
./images/standard//lena_color_256.tif,grayscale,"(256, 256)",25_DZ2,44.29961422574772,0.9857896951189881,0.4395439624786377,11.576318112960706,0.12135004997253418,34.26051737087394,0.9560773479439817,0.0014281272888183594
./images/standard//lena_gray_256.tif,grayscale,"(256, 256)",75_LZ,44.29196870073742,0.987280242619538,0.45580005645751953,7.079686773224276,0.1232137680053711,25.987062599516676,0.7908613674852236,0.0010831356048583984
./images/standard//lena_gray_256.tif,grayscale,"(256, 256)",75_BZ,44.29196870073742,0.987280242619538,0.45580005645751953,6.9791422543898065,0.11064863204956055,25.793207077331488,0.7926841592001073,0.0010082721710205078
./images/standard//lena_gray_256.tif,grayscale,"(256, 256)",75_RZ,44.29196870073742,0.987280242619538,0.45580005645751953,6.6403082984183825,0.1041262149810791,26.322027008117214,0.8046219092662815,0.0021300315856933594
./images/standard//lena_gray_256.tif,grayscale,"(256, 256)",75_TZ,44.29196870073742,0.987280242619538,0.45580005645751953,6.756645414913858,0.11273837089538574,26.895857177035207,0.8174915837796812,0.0013012886047363281
./images/standard//lena_gray_256.tif,grayscale,"(256, 256)",75_CZ,44.29196870073742,0.987280242619538,0.45580005645751953,6.837327183462374,0.10659241676330566,26.097495192066464,0.7968930265303825,0.0010547637939453125
./images/standard//lena_gray_256.tif,grayscale,"(256, 256)",75_OZ,44.29196870073742,0.987280242619538,0.45580005645751953,6.912685351752943,0.10146760940551758,27.787728263725803,0.8447294279585721,0.0012173652648925781
./images/standard//lena_gray_256.tif,grayscale,"(256, 256)",50_TZ,44.29196870073742,0.987280242619538,0.45580005645751953,8.351506284660456,0.11800456047058105,29.85689018737833,0.8854343611601165,0.0010097026824951172
./images/standard//lena_gray_256.tif,grayscale,"(256, 256)",50_LZ,44.29196870073742,0.987280242619538,0.45580005645751953,9.668129377628672,0.1189870834350586,27.54239571235516,0.8451355454652284,0.0010504722595214844
./images/standard//lena_gray_256.tif,grayscale,"(256, 256)",50_VCZ,44.29196870073742,0.987280242619538,0.45580005645751953,8.508902649407055,0.12108826637268066,27.09605495803478,0.8406315159405481,0.0010793209075927734
./images/standard//lena_gray_256.tif,grayscale,"(256, 256)",50_HCZ,44.29196870073742,0.987280242619538,0.45580005645751953,8.544200686573515,0.10554385185241699,27.50083180460826,0.855323982168832,0.001676321029663086
./images/standard//lena_gray_256.tif,grayscale,"(256, 256)",50_LRZ,44.29196870073742,0.987280242619538,0.45580005645751953,8.835189307112097,0.10621786117553711,30.060286980491775,0.9031583469124729,0.0011324882507324219
./images/standard//lena_gray_256.tif,grayscale,"(256, 256)",50_ULDRZ,44.29196870073742,0.987280242619538,0.45580005645751953,8.37500576056798,0.10899686813354492,29.887709822997294,0.8872927620557507,0.0010559558868408203
./images/standard//lena_gray_256.tif,grayscale,"(256, 256)",25_CZ,44.29196870073742,0.987280242619538,0.45580005645751953,11.665465278621149,0.11424922943115234,28.95060092465833,0.8990499666130908,0.0009114742279052734
./images/standard//lena_gray_256.tif,grayscale,"(256, 256)",25_UL,44.29196870073742,0.987280242619538,0.45580005645751953,11.945083550754184,0.10447502136230469,33.369184012631976,0.9313890434540596,0.001703500747680664
./images/standard//lena_gray_256.tif,grayscale,"(256, 256)",25_CRZ,44.29196870073742,0.987280242619538,0.45580005645751953,10.625812565945656,0.10661554336547852,31.352078045045605,0.9341414185594099,0.00096893310546875
./images/standard//lena_gray_256.tif,grayscale,"(256, 256)",25_CLZ,44.29196870073742,0.987280242619538,0.45580005645751953,12.734324081254806,0.1242067813873291,29.65493431731887,0.9088621102035734,0.00090789794921875
./images/standard//lena_gray_256.tif,grayscale,"(256, 256)",25_CUZ,44.29196870073742,0.987280242619538,0.45580005645751953,10.83749491362383,0.1004326343536377,31.62018185927501,0.9188439565064201,0.0010037422180175781
./images/standard//lena_gray_256.tif,grayscale,"(256, 256)",25_DZ1,44.29196870073742,0.987280242619538,0.45580005645751953,11.847080231022584,0.11114120483398438,30.99821010053605,0.9338529490711797,0.0009806156158447266
./images/standard//lena_gray_256.tif,grayscale,"(256, 256)",25_DZ2,44.29196870073742,0.987280242619538,0.45580005645751953,11.553549359221405,0.18781280517578125,33.43214767390336,0.9485597164113719,0.000978231430053711
./images/standard//livingroom.tif,grayscale,"(512, 512)",75_LZ,44.349578508789165,0.9894133075213415,1.9134056568145752,7.161326574049384,0.5386288166046143,27.357836788130513,0.7685727317190819,0.0026786327362060547
./images/standard//livingroom.tif,grayscale,"(512, 512)",75_BZ,44.349578508789165,0.9894133075213415,1.9134056568145752,7.290794848816806,0.39208316802978516,26.23344618357081,0.7547645727424029,0.003998517990112305
./images/standard//livingroom.tif,grayscale,"(512, 512)",75_RZ,44.349578508789165,0.9894133075213415,1.9134056568145752,6.916872814097975,0.42817234992980957,26.48774178928491,0.7596199875259617,0.0026178359985351562
./images/standard//livingroom.tif,grayscale,"(512, 512)",75_TZ,44.349578508789165,0.9894133075213415,1.9134056568145752,7.02742980748946,0.3921353816986084,26.078527541370033,0.7468069607030361,0.003199338912963867
./images/standard//livingroom.tif,grayscale,"(512, 512)",75_CZ,44.349578508789165,0.9894133075213415,1.9134056568145752,7.11143421495904,0.4180638790130615,26.254098096560643,0.754653802751498,0.0026068687438964844
./images/standard//livingroom.tif,grayscale,"(512, 512)",75_OZ,44.349578508789165,0.9894133075213415,1.9134056568145752,7.3300600669916545,0.3914151191711426,26.922586853352712,0.7573674503405103,0.0039052963256835938
./images/standard//livingroom.tif,grayscale,"(512, 512)",50_TZ,44.349578508789165,0.9894133075213415,1.9134056568145752,8.257375759729072,0.43241310119628906,28.355650267900817,0.8277514662620801,0.0024030208587646484
./images/standard//livingroom.tif,grayscale,"(512, 512)",50_LZ,44.349578508789165,0.9894133075213415,1.9134056568145752,9.16888532515224,0.38543152809143066,29.352208611868875,0.847758619591909,0.003631591796875
./images/standard//livingroom.tif,grayscale,"(512, 512)",50_VCZ,44.349578508789165,0.9894133075213415,1.9134056568145752,8.52128940572763,0.44835662841796875,29.09812273520053,0.8474151075876142,0.003556489944458008
./images/standard//livingroom.tif,grayscale,"(512, 512)",50_HCZ,44.349578508789165,0.9894133075213415,1.9134056568145752,8.867109308601327,0.3879861831665039,26.99925689942581,0.8207939217880104,0.0023717880249023438
./images/standard//livingroom.tif,grayscale,"(512, 512)",50_LRZ,44.349578508789165,0.9894133075213415,1.9134056568145752,9.410305337023326,0.47376585006713867,27.8051865394149,0.8234059145545761,0.0023279190063476562
./images/standard//livingroom.tif,grayscale,"(512, 512)",50_ULDRZ,44.349578508789165,0.9894133075213415,1.9134056568145752,9.051983284709777,0.3970491886138916,28.45714092167611,0.8422659499068296,0.0024366378784179688
./images/standard//livingroom.tif,grayscale,"(512, 512)",25_CZ,44.349578508789165,0.9894133075213415,1.9134056568145752,11.537745687442458,0.4932723045349121,30.668767080657755,0.9135562365462603,0.0022287368774414062
./images/standard//livingroom.tif,grayscale,"(512, 512)",25_UL,44.349578508789165,0.9894133075213415,1.9134056568145752,11.555673169070202,0.4136481285095215,32.23315446546057,0.918328757768231,0.0022420883178710938
./images/standard//livingroom.tif,grayscale,"(512, 512)",25_CRZ,44.349578508789165,0.9894133075213415,1.9134056568145752,11.272215047886679,0.4164550304412842,29.343451399343948,0.9013132481603335,0.002153635025024414
./images/standard//livingroom.tif,grayscale,"(512, 512)",25_CLZ,44.349578508789165,0.9894133075213415,1.9134056568145752,12.57791817424434,0.3883240222930908,30.60902914709784,0.9089937065512816,0.002244710922241211
./images/standard//livingroom.tif,grayscale,"(512, 512)",25_CUZ,44.349578508789165,0.9894133075213415,1.9134056568145752,11.149907177419633,0.39538145065307617,32.00161806883115,0.9192094540413618,0.0022296905517578125
./images/standard//livingroom.tif,grayscale,"(512, 512)",25_DZ1,44.349578508789165,0.9894133075213415,1.9134056568145752,11.273545139149874,0.38837432861328125,31.1433108531749,0.9060295967402584,0.0033791065216064453
./images/standard//livingroom.tif,grayscale,"(512, 512)",25_DZ2,44.349578508789165,0.9894133075213415,1.9134056568145752,12.349761929275973,0.3929708003997803,30.359159962146315,0.9014314858395914,0.0022389888763427734
./images/standard//art.png,grayscale,"(704, 448)",75_LZ,44.23041967131067,0.9952113020070829,2.04240083694458,6.89906032667706,0.49264049530029297,21.844918733715907,0.7177421007019583,0.0033075809478759766
./images/standard//art.png,grayscale,"(704, 448)",75_BZ,44.23041967131067,0.9952113020070829,2.04240083694458,6.8593943093471275,0.49236035346984863,21.692435901792166,0.7169016184317916,0.0033736228942871094
./images/standard//art.png,grayscale,"(704, 448)",75_RZ,44.23041967131067,0.9952113020070829,2.04240083694458,6.902705072755162,0.5055208206176758,22.32763884664379,0.7192722962906063,0.0032477378845214844
./images/standard//art.png,grayscale,"(704, 448)",75_TZ,44.23041967131067,0.9952113020070829,2.04240083694458,6.893936361803221,0.5743780136108398,21.454769088140615,0.7024412362113879,0.0040628910064697266
./images/standard//art.png,grayscale,"(704, 448)",75_CZ,44.23041967131067,0.9952113020070829,2.04240083694458,7.0163324441233765,0.5719625949859619,21.608642044871775,0.7137385082289227,0.0034246444702148438
./images/standard//art.png,grayscale,"(704, 448)",75_OZ,44.23041967131067,0.9952113020070829,2.04240083694458,7.091573470284395,0.5182726383209229,21.68227716946145,0.7097543746948286,0.0032982826232910156
./images/standard//art.png,grayscale,"(704, 448)",50_TZ,44.23041967131067,0.9952113020070829,2.04240083694458,8.612368233664027,0.5134949684143066,23.340141375509088,0.799523069364391,0.003301382064819336
./images/standard//art.png,grayscale,"(704, 448)",50_LZ,44.23041967131067,0.9952113020070829,2.04240083694458,8.629837591127316,0.4933934211730957,23.48371077491874,0.8124458667997755,0.003082752227783203
./images/standard//art.png,grayscale,"(704, 448)",50_VCZ,44.23041967131067,0.9952113020070829,2.04240083694458,8.588162408842987,0.47952866554260254,24.35417684968909,0.8182210556343991,0.004131317138671875
./images/standard//art.png,grayscale,"(704, 448)",50_HCZ,44.23041967131067,0.9952113020070829,2.04240083694458,8.517017394414841,0.5365297794342041,22.835417839550267,0.8005495132850141,0.003172636032104492
./images/standard//art.png,grayscale,"(704, 448)",50_LRZ,44.23041967131067,0.9952113020070829,2.04240083694458,8.811667078180548,0.4972035884857178,22.93338906167066,0.7966471589300561,0.004840850830078125
./images/standard//art.png,grayscale,"(704, 448)",50_ULDRZ,44.23041967131067,0.9952113020070829,2.04240083694458,8.88974071647989,0.5149433612823486,23.38190370674365,0.8053029026037102,0.0031228065490722656
./images/standard//art.png,grayscale,"(704, 448)",25_CZ,44.23041967131067,0.9952113020070829,2.04240083694458,11.277035690094772,0.4682295322418213,27.05493977426149,0.9050274591542109,0.0034189224243164062
./images/standard//art.png,grayscale,"(704, 448)",25_UL,44.23041967131067,0.9952113020070829,2.04240083694458,11.73862449861911,0.4775052070617676,26.031777071445035,0.8990574211808401,0.003136157989501953
./images/standard//art.png,grayscale,"(704, 448)",25_CRZ,44.23041967131067,0.9952113020070829,2.04240083694458,11.411909198426908,0.5496251583099365,26.33508419719911,0.8976688019800293,0.0033049583435058594
./images/standard//art.png,grayscale,"(704, 448)",25_CLZ,44.23041967131067,0.9952113020070829,2.04240083694458,11.643481769056017,0.47934746742248535,25.349515622466605,0.898275895744623,0.003781557083129883
./images/standard//art.png,grayscale,"(704, 448)",25_CUZ,44.23041967131067,0.9952113020070829,2.04240083694458,11.84787944873924,0.5303993225097656,26.476744824744742,0.8969853245697321,0.003026247024536133
./images/standard//art.png,grayscale,"(704, 448)",25_DZ1,44.23041967131067,0.9952113020070829,2.04240083694458,11.398291609946678,0.46926045417785645,26.630471213148397,0.9094202391202252,0.003357410430908203
./images/standard//art.png,grayscale,"(704, 448)",25_DZ2,44.23041967131067,0.9952113020070829,2.04240083694458,11.81722230977986,0.5070972442626953,26.182781764163355,0.8973913955683653,0.002970457077026367
./images/standard//cameraman.tif,grayscale,"(512, 512)",75_LZ,44.33515437496575,0.9772625999864551,1.9645802974700928,7.109211475071336,0.39804673194885254,28.32252543918163,0.8874695290295657,0.002697467803955078
./images/standard//cameraman.tif,grayscale,"(512, 512)",75_BZ,44.33515437496575,0.9772625999864551,1.9645802974700928,7.735624946131581,0.3854365348815918,28.250818395670187,0.8698480054452601,0.0037267208099365234
./images/standard//cameraman.tif,grayscale,"(512, 512)",75_RZ,44.33515437496575,0.9772625999864551,1.9645802974700928,6.823289501883276,0.416440486907959,28.361489452188977,0.8815895214316491,0.002623319625854492
./images/standard//cameraman.tif,grayscale,"(512, 512)",75_TZ,44.33515437496575,0.9772625999864551,1.9645802974700928,6.478035454616488,0.4971330165863037,29.61518498427516,0.9286732193252443,0.0039920806884765625
./images/standard//cameraman.tif,grayscale,"(512, 512)",75_CZ,44.33515437496575,0.9772625999864551,1.9645802974700928,7.129125591067325,0.5450842380523682,28.464948409109066,0.8949631424115819,0.002599954605102539
./images/standard//cameraman.tif,grayscale,"(512, 512)",75_OZ,44.33515437496575,0.9772625999864551,1.9645802974700928,6.438525854772035,0.3978865146636963,31.509633169974318,0.8995743983564595,0.0036597251892089844
./images/standard//cameraman.tif,grayscale,"(512, 512)",50_TZ,44.33515437496575,0.9772625999864551,1.9645802974700928,7.644992563591913,0.44732046127319336,32.628631615270685,0.9566792476066532,0.002404451370239258
./images/standard//cameraman.tif,grayscale,"(512, 512)",50_LZ,44.33515437496575,0.9772625999864551,1.9645802974700928,9.482761352750696,0.4033031463623047,30.82206551286468,0.9302584799995951,0.0037240982055664062
./images/standard//cameraman.tif,grayscale,"(512, 512)",50_VCZ,44.33515437496575,0.9772625999864551,1.9645802974700928,8.927860249225613,0.44980454444885254,28.723087162089286,0.9040900528995258,0.002420186996459961
./images/standard//cameraman.tif,grayscale,"(512, 512)",50_HCZ,44.33515437496575,0.9772625999864551,1.9645802974700928,9.242273117928674,0.41179823875427246,29.997199758147133,0.9335522272088155,0.003145933151245117
./images/standard//cameraman.tif,grayscale,"(512, 512)",50_LRZ,44.33515437496575,0.9772625999864551,1.9645802974700928,8.34405441211649,0.43842339515686035,35.480800328643845,0.9382075721544495,0.0024721622467041016
./images/standard//cameraman.tif,grayscale,"(512, 512)",50_ULDRZ,44.33515437496575,0.9772625999864551,1.9645802974700928,8.488011629612533,0.39911818504333496,31.855226818006738,0.9145145917897028,0.0024127960205078125
./images/standard//cameraman.tif,grayscale,"(512, 512)",25_CZ,44.33515437496575,0.9772625999864551,1.9645802974700928,13.246280598495312,0.40187907218933105,30.36935170520197,0.9426796284136699,0.0022780895233154297
./images/standard//cameraman.tif,grayscale,"(512, 512)",25_UL,44.33515437496575,0.9772625999864551,1.9645802974700928,11.194751265021655,0.3914647102355957,36.5977652631391,0.968234421935317,0.0022618770599365234
./images/standard//cameraman.tif,grayscale,"(512, 512)",25_CRZ,44.33515437496575,0.9772625999864551,1.9645802974700928,10.990428188254045,0.3973662853240967,32.73224321035051,0.9518159623562342,0.0022330284118652344
./images/standard//cameraman.tif,grayscale,"(512, 512)",25_CLZ,44.33515437496575,0.9772625999864551,1.9645802974700928,14.03505881061423,0.3941776752471924,32.97124306051613,0.9589717338441138,0.0022695064544677734
./images/standard//cameraman.tif,grayscale,"(512, 512)",25_CUZ,44.33515437496575,0.9772625999864551,1.9645802974700928,11.075752047869189,0.40149831771850586,32.80125688589783,0.9578920477762849,0.004451751708984375
./images/standard//cameraman.tif,grayscale,"(512, 512)",25_DZ1,44.33515437496575,0.9772625999864551,1.9645802974700928,11.632537030881586,0.4124763011932373,34.095240249533944,0.9423328855273214,0.002283334732055664
./images/standard//cameraman.tif,grayscale,"(512, 512)",25_DZ2,44.33515437496575,0.9772625999864551,1.9645802974700928,10.968909479779345,0.39870476722717285,40.079997564105334,0.9686813111248681,0.0033631324768066406
